{
  "weights": {
    "open3": 86847.94190913919,
    "half3": 33705.003119399924,
    "broken4": 84333.87230462774,
    "open2": 1144.590851639561,
    "half2": 890.4346335034957,
    "broken3": 13854.832656277533,
    "open1": 2.0213626966310256,
    "defense_mult": 1.1849792177864866,
    "center_bonus": 34.97184523441294
  },
  "win_rate": 1.0,
  "generation": 38,
  "timestamp": "2026-05-15 01:21:56"
}